/*
Navicat MySQL Data Transfer

Source Server         : localhost
Source Server Version : 50527
Source Host           : 127.0.0.1:3306
Source Database       : shiro

Target Server Type    : MYSQL
Target Server Version : 50527
File Encoding         : 65001

Date: 2015-12-07 20:44:38
*/

SET FOREIGN_KEY_CHECKS=0;

-- ----------------------------
-- Table structure for organization
-- ----------------------------
DROP TABLE IF EXISTS `organization`;
CREATE TABLE `organization` (
  `id` bigint(19) NOT NULL AUTO_INCREMENT,
  `name` varchar(64) NOT NULL,
  `address` varchar(100) DEFAULT NULL,
  `code` varchar(64) NOT NULL,
  `icon` varchar(32) DEFAULT NULL,
  `pid` bigint(19) DEFAULT NULL,
  `seq` tinyint(2) NOT NULL DEFAULT '0',
  `createdate` datetime NOT NULL,
  PRIMARY KEY (`id`)
) ENGINE=InnoDB AUTO_INCREMENT=7 DEFAULT CHARSET=utf8 COMMENT='组织机构';

-- ----------------------------
-- Records of organization
-- ----------------------------
INSERT INTO `organization` VALUES ('1', '总经办', '', '01', 'icon-company', null, '0', '2014-02-19 01:00:00');
INSERT INTO `organization` VALUES ('3', '技术部', '', '02', 'icon-company', null, '1', '2015-10-01 13:10:42');
INSERT INTO `organization` VALUES ('5', '产品部', '', '03', 'icon-company', null, '2', '2015-12-06 12:15:30');
INSERT INTO `organization` VALUES ('6', '测试组', '', '04', 'icon-folder', '3', '0', '2015-12-06 13:12:18');

-- ----------------------------
-- Table structure for resource
-- ----------------------------
DROP TABLE IF EXISTS `resource`;
CREATE TABLE `resource` (
  `id` bigint(19) NOT NULL AUTO_INCREMENT,
  `name` varchar(64) NOT NULL,
  `url` varchar(100) DEFAULT NULL,
  `description` varchar(255) DEFAULT NULL,
  `icon` varchar(32) DEFAULT NULL,
  `pid` bigint(19) DEFAULT NULL,
  `seq` tinyint(2) NOT NULL DEFAULT '0',
  `status` tinyint(2) NOT NULL DEFAULT '0',
  `resourcetype` tinyint(2) NOT NULL DEFAULT '0',
  `createdate` datetime NOT NULL,
  PRIMARY KEY (`id`)
) ENGINE=InnoDB AUTO_INCREMENT=227 DEFAULT CHARSET=utf8 COMMENT='资源';

-- ----------------------------
-- Records of resource
-- ----------------------------
INSERT INTO `resource` VALUES ('1', '系统管理', '', '系统管理', 'icon-company', null, '0', '0', '0', '2014-02-19 01:00:00');
INSERT INTO `resource` VALUES ('11', '资源管理', '/resource/manager', '资源管理', 'icon-folder', '1', '1', '0', '0', '2014-02-19 01:00:00');
INSERT INTO `resource` VALUES ('12', '角色管理', '/role/manager', '角色管理', 'icon-folder', '1', '2', '0', '0', '2014-02-19 01:00:00');
INSERT INTO `resource` VALUES ('13', '用户管理', '/user/manager', '用户管理', 'icon-folder', '1', '3', '0', '0', '2014-02-19 01:00:00');
INSERT INTO `resource` VALUES ('14', '部门管理', '/organization/manager', '部门管理', 'icon-folder', '1', '4', '0', '0', '2014-02-19 01:00:00');
INSERT INTO `resource` VALUES ('111', '列表', '/resource/treeGrid', '资源列表', 'icon-list', '11', '0', '0', '1', '2014-02-19 01:00:00');
INSERT INTO `resource` VALUES ('112', '添加', '/resource/add', '资源添加', 'icon-add', '11', '0', '0', '1', '2014-02-19 01:00:00');
INSERT INTO `resource` VALUES ('113', '编辑', '/resource/edit', '资源编辑', 'icon-edit', '11', '0', '0', '1', '2014-02-19 01:00:00');
INSERT INTO `resource` VALUES ('114', '删除', '/resource/delete', '资源删除', 'icon-del', '11', '0', '0', '1', '2014-02-19 01:00:00');
INSERT INTO `resource` VALUES ('121', '列表', '/role/dataGrid', '角色列表', 'icon-list', '12', '0', '0', '1', '2014-02-19 01:00:00');
INSERT INTO `resource` VALUES ('122', '添加', '/role/add', '角色添加', 'icon-add', '12', '0', '0', '1', '2014-02-19 01:00:00');
INSERT INTO `resource` VALUES ('123', '编辑', '/role/edit', '角色编辑', 'icon-edit', '12', '0', '0', '1', '2014-02-19 01:00:00');
INSERT INTO `resource` VALUES ('124', '删除', '/role/delete', '角色删除', 'icon-del', '12', '0', '0', '1', '2014-02-19 01:00:00');
INSERT INTO `resource` VALUES ('125', '授权', '/role/grant', '角色授权', 'icon-ok', '12', '0', '0', '1', '2014-02-19 01:00:00');
INSERT INTO `resource` VALUES ('131', '列表', '/user/dataGrid', '用户列表', 'icon-list', '13', '0', '0', '1', '2014-02-19 01:00:00');
INSERT INTO `resource` VALUES ('132', '添加', '/user/add', '用户添加', 'icon-add', '13', '0', '0', '1', '2014-02-19 01:00:00');
INSERT INTO `resource` VALUES ('133', '编辑', '/user/edit', '用户编辑', 'icon-edit', '13', '0', '0', '1', '2014-02-19 01:00:00');
INSERT INTO `resource` VALUES ('134', '删除', '/user/delete', '用户删除', 'icon-del', '13', '0', '0', '1', '2014-02-19 01:00:00');
INSERT INTO `resource` VALUES ('141', '列表', '/organization/treeGrid', '用户列表', 'icon-list', '14', '0', '0', '1', '2014-02-19 01:00:00');
INSERT INTO `resource` VALUES ('142', '添加', '/organization/add', '部门添加', 'icon-add', '14', '0', '0', '1', '2014-02-19 01:00:00');
INSERT INTO `resource` VALUES ('143', '编辑', '/organization/edit', '部门编辑', 'icon-edit', '14', '0', '0', '1', '2014-02-19 01:00:00');
INSERT INTO `resource` VALUES ('144', '删除', '/organization/delete', '部门删除', 'icon-del', '14', '0', '0', '1', '2014-02-19 01:00:00');
INSERT INTO `resource` VALUES ('221', '日志管理', '/sysLog/manager', null, 'icon-company', null, '2', '0', '0', '2015-12-01 11:44:20');
INSERT INTO `resource` VALUES ('222', '视频教程', '', null, 'icon-company', null, '1', '0', '0', '2015-12-06 12:40:42');
INSERT INTO `resource` VALUES ('223', '官方网站', 'http://www.dreamlu.net/', null, 'icon-folder', '222', '0', '0', '0', '2015-12-06 12:42:42');
INSERT INTO `resource` VALUES ('224', 'jfinal视频', 'http://blog.dreamlu.net/blog/79', null, 'icon-folder', '222', '1', '0', '0', '2015-12-06 12:45:28');
INSERT INTO `resource` VALUES ('226', '修改密码', '/user/editPwdPage', null, 'icon-edit', null, '3', '0', '1', '2015-12-07 20:23:06');

-- ----------------------------
-- Table structure for role
-- ----------------------------
DROP TABLE IF EXISTS `role`;
CREATE TABLE `role` (
  `id` bigint(19) NOT NULL AUTO_INCREMENT,
  `name` varchar(64) NOT NULL,
  `seq` tinyint(2) NOT NULL DEFAULT '0',
  `description` varchar(255) DEFAULT NULL,
  `status` tinyint(2) NOT NULL DEFAULT '0',
  PRIMARY KEY (`id`)
) ENGINE=InnoDB AUTO_INCREMENT=9 DEFAULT CHARSET=utf8 COMMENT='角色';

-- ----------------------------
-- Records of role
-- ----------------------------
INSERT INTO `role` VALUES ('1', '超级管理员', '0', '超级管理员', '0');
INSERT INTO `role` VALUES ('2', '技术部经理', '0', '技术部经理', '0');
INSERT INTO `role` VALUES ('7', '产品部经理', '0', '产品部经理', '0');
INSERT INTO `role` VALUES ('8', '测试账户', '0', '测试账户', '0');

-- ----------------------------
-- Table structure for role_resource
-- ----------------------------
DROP TABLE IF EXISTS `role_resource`;
CREATE TABLE `role_resource` (
  `id` bigint(19) NOT NULL AUTO_INCREMENT,
  `role_id` bigint(19) NOT NULL,
  `resource_id` bigint(19) NOT NULL,
  PRIMARY KEY (`id`)
) ENGINE=InnoDB AUTO_INCREMENT=409 DEFAULT CHARSET=utf8 COMMENT='角色资源';

-- ----------------------------
-- Records of role_resource
-- ----------------------------
INSERT INTO `role_resource` VALUES ('158', '3', '1');
INSERT INTO `role_resource` VALUES ('159', '3', '11');
INSERT INTO `role_resource` VALUES ('160', '3', '111');
INSERT INTO `role_resource` VALUES ('161', '3', '112');
INSERT INTO `role_resource` VALUES ('162', '3', '113');
INSERT INTO `role_resource` VALUES ('163', '3', '114');
INSERT INTO `role_resource` VALUES ('164', '3', '12');
INSERT INTO `role_resource` VALUES ('165', '3', '121');
INSERT INTO `role_resource` VALUES ('166', '3', '122');
INSERT INTO `role_resource` VALUES ('167', '3', '123');
INSERT INTO `role_resource` VALUES ('168', '3', '124');
INSERT INTO `role_resource` VALUES ('169', '3', '125');
INSERT INTO `role_resource` VALUES ('170', '3', '13');
INSERT INTO `role_resource` VALUES ('171', '3', '131');
INSERT INTO `role_resource` VALUES ('172', '3', '132');
INSERT INTO `role_resource` VALUES ('173', '3', '133');
INSERT INTO `role_resource` VALUES ('174', '3', '134');
INSERT INTO `role_resource` VALUES ('175', '3', '14');
INSERT INTO `role_resource` VALUES ('176', '3', '141');
INSERT INTO `role_resource` VALUES ('177', '3', '142');
INSERT INTO `role_resource` VALUES ('178', '3', '143');
INSERT INTO `role_resource` VALUES ('179', '3', '144');
INSERT INTO `role_resource` VALUES ('349', '2', '1');
INSERT INTO `role_resource` VALUES ('350', '2', '13');
INSERT INTO `role_resource` VALUES ('351', '2', '131');
INSERT INTO `role_resource` VALUES ('352', '2', '132');
INSERT INTO `role_resource` VALUES ('353', '2', '133');
INSERT INTO `role_resource` VALUES ('354', '2', '222');
INSERT INTO `role_resource` VALUES ('355', '2', '223');
INSERT INTO `role_resource` VALUES ('356', '2', '224');
INSERT INTO `role_resource` VALUES ('357', '2', '221');
INSERT INTO `role_resource` VALUES ('358', '2', '226');
INSERT INTO `role_resource` VALUES ('359', '7', '1');
INSERT INTO `role_resource` VALUES ('360', '7', '14');
INSERT INTO `role_resource` VALUES ('361', '7', '141');
INSERT INTO `role_resource` VALUES ('362', '7', '142');
INSERT INTO `role_resource` VALUES ('363', '7', '143');
INSERT INTO `role_resource` VALUES ('364', '7', '222');
INSERT INTO `role_resource` VALUES ('365', '7', '223');
INSERT INTO `role_resource` VALUES ('366', '7', '224');
INSERT INTO `role_resource` VALUES ('367', '7', '221');
INSERT INTO `role_resource` VALUES ('368', '7', '226');
INSERT INTO `role_resource` VALUES ('369', '1', '1');
INSERT INTO `role_resource` VALUES ('370', '1', '11');
INSERT INTO `role_resource` VALUES ('371', '1', '111');
INSERT INTO `role_resource` VALUES ('372', '1', '112');
INSERT INTO `role_resource` VALUES ('373', '1', '113');
INSERT INTO `role_resource` VALUES ('374', '1', '114');
INSERT INTO `role_resource` VALUES ('375', '1', '12');
INSERT INTO `role_resource` VALUES ('376', '1', '121');
INSERT INTO `role_resource` VALUES ('377', '1', '122');
INSERT INTO `role_resource` VALUES ('378', '1', '123');
INSERT INTO `role_resource` VALUES ('379', '1', '124');
INSERT INTO `role_resource` VALUES ('380', '1', '125');
INSERT INTO `role_resource` VALUES ('381', '1', '13');
INSERT INTO `role_resource` VALUES ('382', '1', '131');
INSERT INTO `role_resource` VALUES ('383', '1', '132');
INSERT INTO `role_resource` VALUES ('384', '1', '133');
INSERT INTO `role_resource` VALUES ('385', '1', '134');
INSERT INTO `role_resource` VALUES ('386', '1', '14');
INSERT INTO `role_resource` VALUES ('387', '1', '141');
INSERT INTO `role_resource` VALUES ('388', '1', '142');
INSERT INTO `role_resource` VALUES ('389', '1', '143');
INSERT INTO `role_resource` VALUES ('390', '1', '144');
INSERT INTO `role_resource` VALUES ('391', '1', '222');
INSERT INTO `role_resource` VALUES ('392', '1', '223');
INSERT INTO `role_resource` VALUES ('393', '1', '224');
INSERT INTO `role_resource` VALUES ('394', '1', '221');
INSERT INTO `role_resource` VALUES ('395', '1', '226');
INSERT INTO `role_resource` VALUES ('396', '8', '1');
INSERT INTO `role_resource` VALUES ('397', '8', '11');
INSERT INTO `role_resource` VALUES ('398', '8', '111');
INSERT INTO `role_resource` VALUES ('399', '8', '12');
INSERT INTO `role_resource` VALUES ('400', '8', '121');
INSERT INTO `role_resource` VALUES ('401', '8', '13');
INSERT INTO `role_resource` VALUES ('402', '8', '131');
INSERT INTO `role_resource` VALUES ('403', '8', '14');
INSERT INTO `role_resource` VALUES ('404', '8', '141');
INSERT INTO `role_resource` VALUES ('405', '8', '222');
INSERT INTO `role_resource` VALUES ('406', '8', '223');
INSERT INTO `role_resource` VALUES ('407', '8', '224');
INSERT INTO `role_resource` VALUES ('408', '8', '221');

-- ----------------------------
-- Table structure for syslog
-- ----------------------------
DROP TABLE IF EXISTS `syslog`;
CREATE TABLE `syslog` (
  `id` bigint(20) NOT NULL AUTO_INCREMENT,
  `login_name` varchar(255) DEFAULT NULL,
  `role_name` varchar(255) DEFAULT NULL,
  `opt_content` varchar(1024) DEFAULT NULL,
  `client_ip` varchar(255) DEFAULT NULL,
  `create_time` datetime DEFAULT NULL,
  PRIMARY KEY (`id`)
) ENGINE=InnoDB AUTO_INCREMENT=304 DEFAULT CHARSET=utf8;

-- ----------------------------
-- Table structure for user
-- ----------------------------
DROP TABLE IF EXISTS `user`;
CREATE TABLE `user` (
  `id` bigint(19) NOT NULL AUTO_INCREMENT,
  `loginname` varchar(64) NOT NULL,
  `name` varchar(64) NOT NULL,
  `password` varchar(64) NOT NULL,
  `sex` tinyint(2) NOT NULL DEFAULT '0',
  `age` tinyint(2) DEFAULT '0',
  `usertype` tinyint(2) NOT NULL DEFAULT '0',
  `status` tinyint(2) NOT NULL DEFAULT '0',
  `organization_id` int(11) NOT NULL DEFAULT '0',
  `createdate` datetime NOT NULL,
  `phone` varchar(20) DEFAULT NULL,
  PRIMARY KEY (`id`)
) ENGINE=InnoDB AUTO_INCREMENT=16 DEFAULT CHARSET=utf8 COMMENT='用户';

-- ----------------------------
-- Records of user
-- ----------------------------
INSERT INTO `user` VALUES ('1', 'admin', 'admin', 'e10adc3949ba59abbe56e057f20f883e', '0', '25', '0', '0', '1', '2015-12-06 13:14:05', '18707173376');
INSERT INTO `user` VALUES ('13', 'snoopy', 'snoopy', 'e10adc3949ba59abbe56e057f20f883e', '0', '25', '1', '0', '3', '2015-10-01 13:12:07', '18707173376');
INSERT INTO `user` VALUES ('14', 'dreamlu', 'dreamlu', 'e10adc3949ba59abbe56e057f20f883e', '0', '25', '1', '0', '5', '2015-10-11 23:12:58', '18707173376');
INSERT INTO `user` VALUES ('15', 'test', 'test', 'e10adc3949ba59abbe56e057f20f883e', '0', '25', '1', '0', '6', '2015-12-06 13:13:03', '18707173376');

-- ----------------------------
-- Table structure for user_role
-- ----------------------------
DROP TABLE IF EXISTS `user_role`;
CREATE TABLE `user_role` (
  `id` bigint(19) NOT NULL AUTO_INCREMENT,
  `user_id` bigint(19) NOT NULL,
  `role_id` bigint(19) NOT NULL,
  PRIMARY KEY (`id`)
) ENGINE=InnoDB AUTO_INCREMENT=65 DEFAULT CHARSET=utf8 COMMENT='用户角色';

-- ----------------------------
-- Records of user_role
-- ----------------------------
INSERT INTO `user_role` VALUES ('53', '15', '8');
INSERT INTO `user_role` VALUES ('60', '1', '1');
INSERT INTO `user_role` VALUES ('61', '1', '2');
INSERT INTO `user_role` VALUES ('62', '1', '7');
INSERT INTO `user_role` VALUES ('63', '13', '2');
INSERT INTO `user_role` VALUES ('64', '14', '7');
